Varyant;Assembly_Height;Assembly_Width;Assembly_Depth;Cupboard_LeftDoor_Shaker_Style_1_Dosyasi;Material
Cupboard Assy 0001__Cupboard Assy Cupboard Assy1;800;1300;600;Cupboard LeftDoor Framed.SLDPRT;Oak
Cupboard Assy 0002__Cupboard Assy Cupboard Assy2;950;1350;700;Cupboard LeftDoor Framed.SLDPRT;Oak
Cupboard Assy 0003__Cupboard Assy Cupboard Assy3;865;1422;642;Cupboard LeftDoor Framed.SLDPRT;Oak
Cupboard Assy 0004__Cupboard Assy Cupboard Assy4;864;1324;624;Cupboard LeftDoor.SLDPRT;Oak
Cupboard Assy 0006__Cupboard Assy Cupboard Assy6;855;1500;355;Cupboard LeftDoor.SLDPRT;Oak
Cupboard Assy 0007__Cupboard Assy Cupboard Assy7;827;857;300;Cupboard LeftDoor Shaker Style.SLDPRT;Oak
Cupboard Assy 0008__Cupboard Assy Cupboard Assy8;458;878;888;Cupboard LeftDoor.SLDPRT;Oak
Cupboard Assy 0009__Cupboard Assy Cupboard Assy9;569;759;759;Cupboard LeftDoor Shaker Style.SLDPRT;Maple
Cupboard Assy 0010__Cupboard Assy Cupboard Assy10;810;1310;610;Cupboard LeftDoor.SLDPRT;Mahogany
