Varyant;LH_Rail_D1_bottom;Roller_D1_length;Roller_D1_Base_Extrude;Frame_D1_Floor;Conveyor_Assembly satır;Frame_D1_Overall_Length
Conveyor assembly 0001__CONVEYOR LİNE 0001;150;761;50;556;1;801
;;;;;2;1000
;;;;;3;600
Conveyor assembly 0002__CONVEYOR LİNE 0002;150;792;40;602;1;622
;;;;;2;2000
;;;;;3;1500
Conveyor assembly 0003__CONVEYOR LİNE 0003;100;910;50;1038;1;2333
;;;;;2;2233
;;;;;3;1233
Conveyor assembly 0004__CONVEYOR LİNE 0004;100;784;50;589;1;1244
;;;;;2;694
;;;;;3;600
Conveyor assembly 0005__CONVEYOR LİNE 0005;100;342;50;1105;1;2145
;;;;;2;2333
;;;;;3;2033
Conveyor assembly 0006__CONVEYOR LİNE 0006;150;663;50;661;1;1256
;;;;;2;2999
;;;;;3;2500
Conveyor assembly 0007__CONVEYOR LİNE 0007;100;562;50;857;1;2500
;;;;;2;1600
Conveyor assembly 0008__CONVEYOR LİNE 0008;100;876;50;657;1;965
;;;;;2;2000
;;;;;3;2500
;;;;;4;2900
Conveyor assembly 0009__CONVEYOR LİNE 0009;150;760;50;750;1;2000
;;;;;2;1200
;;;;;3;600
Conveyor assembly 0010__CONVEYOR LİNE 0010;100;434;60;500;1;852
;;;;;2;600
;;;;;3;600
;;;;;4;600
;;;;;5;600
